count,mean,std,min,25%,50%,75%,max,median
1337.0,39.222139117427076,14.044332734156425,18.0,27.0,39.0,51.0,64.0,39.0
1337.0,30.66345175766642,6.100468409615801,15.96,26.29,30.4,34.7,53.13,30.4
1337.0,1.0957367240089753,1.2055714286412176,0.0,0.0,1.0,2.0,5.0,1.0
1337.0,13279.121486655948,12110.359656344175,1121.8739,4746.344,9386.1613,16657.71745,63770.42801,9386.1613
